event,time,magnitude,e_magnitude,band
SN2018bvw,58233.1759954,19.78,,r
SN2018bvw,58243.17,18.65,,r
SN2018bvw,58258.1689931,20.3,,g
