event,time,magnitude,e_magnitude,band
AT2019oyw,56981.8526273,20.6,,C
AT2019oyw,58724.8684144,14.7,,C
AT2019oyw,58724.870787,14.9,,C
